{
    "size": 1080,
    "world": {
        "shape": "Circle",
        "bounds": 500.0,
        "background": {
            "r": 0.11764705926179886,
            "g": 0.11764705926179886,
            "b": 0.11764705926179886,
            "a": 1.0
        },
        "color": {
            "r": 0.05882352963089943,
            "g": 0.05882352963089943,
            "b": 0.05882352963089943,
            "a": 1.0
        }
    },
    "physics": {
        "updateMode": "FixedFrameRate",
        "timestep": 0.0069444444961845875,
        "substeps": 8,
        "gravity": {
            "x": 0.0,
            "y": -900.0
        },
        "collision": true
    },
    "objects": [
        {
            "type": "Spawner",
            "id": 2,
            "position": {
                "x": 252.0,
                "y": 832.0
            },
            "spawnRate": 0.029999999329447746,
            "scaleSpawnRate": false,
            "initialDelay": 0.0,
            "spawnCondition": "GlobalAmount",
            "spawnConditionValue": 7000.0,
            "pSize": {
                "x": 3.0,
                "y": 7.5
            },
            "pMass": 1.0,
            "scalePMass": false,
            "pBounciness": 0.10000000149011612,
            "pColorMode": "ShiftGradient",
            "pColorSingle": {
                "r": 0.9115044474601746,
                "g": 0.10083015263080597,
                "b": 0.10083015263080597,
                "a": 1.0
            },
            "pColorGradient": [
                {
                    "t": 0.0,
                    "value": {
                        "r": 0.901098906993866,
                        "g": 0.46121329069137573,
                        "b": 0.08416859805583954,
                        "a": 1.0
                    }
                },
                {
                    "t": 1.0,
                    "value": {
                        "r": 0.8681318759918213,
                        "g": 0.11447892338037491,
                        "b": 0.11447892338037491,
                        "a": 1.0
                    }
                }
            ],
            "pColorShift": "Repeat",
            "pColorShiftDuration": 10.0,
            "spawnDirection": -45.0,
            "spawnDirectionVariation": 25.0,
            "spawnForce": {
                "x": 500.0,
                "y": 500.0
            },
            "scaleSpawnForce": true,
            "spawnDirectionRotation": "Fixed",
            "spawnDirectionRotationRepeat": "Reverse",
            "spawnDirectionRotationStart": 0.5,
            "spawnDirectionRotationDuration": 5.0,
            "spawnDirectionRotationLimit": 160.0
        },
        {
            "type": "Spawner",
            "id": 3,
            "position": {
                "x": 295.0,
                "y": 815.0
            },
            "spawnRate": 0.029999999329447746,
            "scaleSpawnRate": false,
            "initialDelay": 0.0,
            "spawnCondition": "GlobalAmount",
            "spawnConditionValue": 7000.0,
            "pSize": {
                "x": 3.0,
                "y": 7.5
            },
            "pMass": 1.0,
            "scalePMass": false,
            "pBounciness": 0.10000000149011612,
            "pColorMode": "ShiftGradient",
            "pColorSingle": {
                "r": 0.9115044474601746,
                "g": 0.10083015263080597,
                "b": 0.10083015263080597,
                "a": 1.0
            },
            "pColorGradient": [
                {
                    "t": 0.0,
                    "value": {
                        "r": 0.901098906993866,
                        "g": 0.46121329069137573,
                        "b": 0.08416859805583954,
                        "a": 1.0
                    }
                },
                {
                    "t": 1.0,
                    "value": {
                        "r": 0.8681318759918213,
                        "g": 0.11447892338037491,
                        "b": 0.11447892338037491,
                        "a": 1.0
                    }
                }
            ],
            "pColorShift": "Repeat",
            "pColorShiftDuration": 10.0,
            "spawnDirection": -45.0,
            "spawnDirectionVariation": 25.0,
            "spawnForce": {
                "x": 500.0,
                "y": 500.0
            },
            "scaleSpawnForce": true,
            "spawnDirectionRotation": "Fixed",
            "spawnDirectionRotationRepeat": "Reverse",
            "spawnDirectionRotationStart": 0.5,
            "spawnDirectionRotationDuration": 5.0,
            "spawnDirectionRotationLimit": 160.0
        },
        {
            "type": "Spawner",
            "id": 4,
            "position": {
                "x": 335.0,
                "y": 798.0
            },
            "spawnRate": 0.029999999329447746,
            "scaleSpawnRate": false,
            "initialDelay": 0.0,
            "spawnCondition": "GlobalAmount",
            "spawnConditionValue": 7000.0,
            "pSize": {
                "x": 3.0,
                "y": 7.5
            },
            "pMass": 1.0,
            "scalePMass": false,
            "pBounciness": 0.10000000149011612,
            "pColorMode": "ShiftGradient",
            "pColorSingle": {
                "r": 0.9115044474601746,
                "g": 0.10083015263080597,
                "b": 0.10083015263080597,
                "a": 1.0
            },
            "pColorGradient": [
                {
                    "t": 0.0,
                    "value": {
                        "r": 0.901098906993866,
                        "g": 0.46121329069137573,
                        "b": 0.08416859805583954,
                        "a": 1.0
                    }
                },
                {
                    "t": 1.0,
                    "value": {
                        "r": 0.8681318759918213,
                        "g": 0.11447892338037491,
                        "b": 0.11447892338037491,
                        "a": 1.0
                    }
                }
            ],
            "pColorShift": "Repeat",
            "pColorShiftDuration": 10.0,
            "spawnDirection": -45.0,
            "spawnDirectionVariation": 25.0,
            "spawnForce": {
                "x": 500.0,
                "y": 500.0
            },
            "scaleSpawnForce": true,
            "spawnDirectionRotation": "Fixed",
            "spawnDirectionRotationRepeat": "Reverse",
            "spawnDirectionRotationStart": 0.5,
            "spawnDirectionRotationDuration": 5.0,
            "spawnDirectionRotationLimit": 160.0
        }
    ]
}